video_id,filename,ground_truth,expected_area,event_type
V001,normal_Pallet_Placing.mp4,normal,None, Empty Pallet Placing
V002,normal_stacking.mp4,normal,None, Pallet Stacking
V003,normal_Pallet_Replacement.mp4,normal,None, Filled Pallet Replacement
V004,Unexpected_Operator_Fall.mp4,unexpected,Pallet Left,Operator Fall
V005,Unexpected_Operator_Interrupting.mp4,unexpected,Pallet Right,Operator interrupting
V006,Unexpected_Operator_In_Risky_Area.mp4,unexpected,Pallet Left,Operator In Risky Area
V007,Unexpected_UnexpectedBox.mp4,unexpected,Conveyor, Unexpected Box on Conveyor
V008,Unexpected_NonOperator_Person.mp4,unexpected,Multiple, Unexpected Non-Operator Person in the Area
V009,Unexpected_Box_Fallen.mp4,unexpected,Pallet Left, Box Fallen on the Pallet
V010,Unxepected_BoxWrongOrientation.mp4,unexpected,Conveyor, Box in Wrong Orientation on the Conveyor
V011,FP_ConvBelt.mp4,unexpected,Conveyor, Normal flagged as unexpected due to Conveyor Belt
